Abstract Luxury Knit,Sweater,Vintage
Academy Ribbon Set,Blouse/Skirt,Rare
Alien Layered Slip Dress,Blouse/Dress,Legendary
Baby Girl Checkered Shirt,Shirt,Rare
Bandana Print Western,Shirt,Common
Beige Hidden-Button Linen,Shirt,Vintage
Branded Tech Windbreaker,Hoodies,Rare
Burgundy Turtleneck,Sweater,Common
Butterfly Baby Tee,T-Shirt,Common
Butterfly Chain Tube Top,Crop Top,Rare
Butterfly Denim Vest,Shirt,Vintage
Camo Mesh,Crop Top,Rare
Charcoal Asymmetric Blouse,Blouse,Rare
Checkered Flannel Shirt,Shirt,Common
Circuit Compression Tee,T-Shirt,Rare
Classic Navy Tracktop,Sweatshirt,Common
Cream Off-Shoulder Knit,Sweater,Common
Crimson Rose Heritage Shirt,Shirt,Rare
Cropped Peasant Tank,Tank Top,Common
Cutie Font Baby Tee,T-Shirt,Common
Denim Patchwork Vest,Shirt,Vintage
Designer Logo Crop,Crop Top,Rare
Distressed Military Jacket,Shirt,Vintage
Dolphin Summer Crop,Camisole,Common
Double-Breasted Noble Vest,Shirt/Vest,Legendary
Duo-Tone Modern Knit,Sweater,Rare
Dusty Rose Draped Top,Blouse,Rare
Embroidered High-Denim,Shirt,Vintage
Embroidered Western Shirt,Shirt,Rare
Flame Mesh Long-sleeve,T-Shirt,Vintage
Forest Ivy Cardigan,Sweater,Common
Fringed Denim Vest,Shirt/Vest,Vintage
Frontier Denim Trucker,Shirt/Jacket,Common
Fur-Trimmed Cardigan,Blouse,Vintage
Fuzzy Neon Cardigan,Blouse,Rare
Glitch Art Oversized Tee,T-Shirt,Common
Glossy Satin Tracktop,Sweatshirt,Rare
Glow-Zip Tech Hoodie,Hoodies,Common
Gold-Zip Luxury Bomber,Sweatshirt,Rare
Gradient Star Tank,Tank Top,Common
Graffiti Denim & Flannel,Shirt,Legendary
Gunslinger’s Suede Vest,Shirt/Vest,Rare
Heart-Cutout Baby Tee,T-Shirt,Common
Herringbone Tweed Vest,Shirt/Vest,Vintage
High-Collar Cyber Suit,Blouse,Rare
High-End Satin Blouse,Blouse,Rare
Holographic Halter,Camisole,Rare
Holographic Rain Shell,Sweatshirt,Legendary
Kanji Street Hoodie,Hoodies,Rare
Lace-Up Peasant Crop,Crop Top,Rare
Library Archive Shirt,Shirt,Vintage
Metallic Silver Puffer,Hoodies,Legendary
Midnight Professor Coat,Shirt/Jacket,Legendary
Minimal Barcode Crop,Crop Top,Common
Minimalist Slit Turtleneck,Sweater,Common
Monochrome Baseball Jersey,Shirt,Rare
Multi-Pocket Utility Vest,Shirt,Vintage
Name,Type,Level
Navajo Pattern Knit,Sweater,Vintage
Neon Striped Knit,Sweater,Vintage
Neon-Line Tech Vest,Shirt/Vest,Rare
Outlaw’s Dusty Duster,Shirt/Jacket,Legendary
Pastel Zip-up Hoodie,Hoodies,Common
Peace Leopard Mesh Top,T-Shirt,Vintage
Pink Angel Ribbed Tank,Tank Top,Common
Polka-Dot Pussy Blouse,Blouse,Common
Pop-Star Lace Bustier,Bustier,Legendary
Premium Leather Vest,Shirt/Vest,Legendary
Psychedelic Swirl Knit,Sweater,Vintage
Psychedelic Tie-Dye Tee,T-Shirt,Common
Ranch Hand Flannel,Shirt,Common
Reflective Cyber Crop,Crop Top,Rare
Retro Ringer Graphic Tee,T-Shirt,Common
Rhinestone 'DREAM' Tank,Tank Top,Common
Rhinestone Logo Tank,Tank Top,Common
Royal Monogram Hoodie,Hoodies,Legendary
Sage Silk Wrap Top,Blouse,Rare
Scan-Me Oversized Tee,T-Shirt,Common
Scholar's Plaid Blazer,Shirt/Jacket,Rare
Sequin Disco Halter Top,Camisole,Legendary
Sherpa-Lined Denim,Shirt/Jacket,Vintage
Silk Touch Graphic Tee,T-Shirt,Rare
Silver Metallic Puffer,Hoodies,Legendary
Simple Pastel Hoodie,Hoodies,Common
Slate Mock-Neck Rib,T-Shirt,Common
Star Sport Tracktop,Sweatshirt,Rare
Striped Bell-Sleeve Knit,Sweater,Rare
Striped Emo Sweater,Sweater,Common
Structured Boxy Tee,T-Shirt,Common
Suede Fringe Jacket,Shirt/Jacket,Vintage
Tech-Mesh Layered Top,Blouse,Vintage
Tie-Dye Chain Tube Top,Crop Top,Rare
Urban Utility Vest,Shirt/Vest,Rare
Velour Tracksuit,Sweatshirt,Rare
Velvet Chain Tracktop,Sweatshirt,Legendary
Victorian Poet Blouse,Blouse,Rare
Vintage Cable Knit Vest,Shirt/Vest,Common
Vintage Muscle Car Tee,T-Shirt,Common
White Architectural Top,Blouse,Legendary
Wide-Lapel Corduroy Top,Shirt,Vintage
Yin-Yang Flame Tank,Tank Top,Common